ts_ms,best_header,best_full_block,sync_phase,vm_rss_kb,vm_size_kb,rss_anon_kb,rss_file_kb,avl_cache_clean_bytes,avl_cache_capacity_bytes,avl_clean_len,avl_dirty_len,avl_read_count,batch_headers_len,batch_headers_bytes,batch_meta_len,header_index_len,header_index_est_bytes,last_headers_len,last_headers_bytes,orphan_headers_len,orphan_headers_bytes,pending_blocks_len,delivery_received_len,delivery_inflight_total,mempool_count,mempool_bytes,peer_count,known_addresses_len,redb_state_evictions,redb_indexer_evictions,redb_addrbook_evictions,indexer_indexed_height,indexer_lag,indexer_status,smaps_rss_kb,smaps_pss_kb,smaps_shared_clean_kb,smaps_shared_dirty_kb,smaps_private_clean_kb,smaps_private_dirty_kb,smaps_anonymous_kb,smaps_anon_huge_pages_kb,smaps_file_pmd_mapped_kb,redb_state_capacity_bytes,redb_indexer_capacity_bytes,redb_addrbook_capacity_bytes,avl_unpersisted_pinned_bytes
1790924485494,1000,850,BeforeApply,15676,88324,9480,6196,114552,1073741824,744,0,1494,0,0,0,0,0,0,0,0,0,0,0,0,0,0,0,0,0,0,0,0,0,,15676,13476,2216,0,3980,9480,9480,0,0,1073741824,0,0,0
1790924485496,1000,851,OfflineIBD,17748,1169924,9900,7848,116086,1073741824,752,0,1680,0,0,0,0,0,0,0,0,0,0,0,0,0,0,0,0,0,0,0,0,0,,17844,15456,2408,0,5440,9996,9996,0,0,1073741824,0,0,4640
1790924485501,1000,861,OfflineIBD,19372,1169924,11524,7848,125471,1073741824,806,0,3512,0,0,0,0,0,0,0,0,0,0,0,0,0,0,0,0,0,0,0,0,0,,19392,17004,2408,0,5440,11544,11544,0,0,1073741824,0,0,4763
1790924485507,1000,871,OfflineIBD,20968,1169924,13120,7848,135341,1073741824,864,0,5411,0,0,0,0,0,0,0,0,0,0,0,0,0,0,0,0,0,0,0,0,0,,20988,18600,2408,0,5440,13140,13140,0,0,1073741824,0,0,4397
1790924485512,1000,881,OfflineIBD,22516,1169924,14668,7848,142938,1073741824,907,0,7238,0,0,0,0,0,0,0,0,0,0,0,0,0,0,0,0,0,0,0,0,0,,22540,20152,2408,0,5440,14692,14692,0,0,1073741824,0,0,4396
1790924485517,1000,891,OfflineIBD,24092,1169924,16244,7848,150882,1073741824,951,0,9104,0,0,0,0,0,0,0,0,0,0,0,0,0,0,0,0,0,0,0,0,0,,24112,21724,2408,0,5440,16264,16264,0,0,1073741824,0,0,4640
1790924485523,1000,901,OfflineIBD,25696,1169924,17848,7848,160245,1073741824,1003,0,10964,0,0,0,0,0,0,0,0,0,0,0,0,0,0,0,0,0,0,0,0,0,,25716,23328,2408,0,5440,17868,17868,0,0,1073741824,0,0,4518
1790924485528,1000,911,OfflineIBD,27592,1170188,19744,7848,166894,1073741824,1041,0,12831,0,0,0,0,0,0,0,0,0,0,0,0,0,0,0,0,0,0,0,0,0,,27608,25220,2408,0,5440,19760,19760,0,0,1073741824,0,0,4519
1790924485534,1000,921,OfflineIBD,29768,1170728,21920,7848,174610,1073741824,1085,0,14731,0,0,0,0,0,0,0,0,0,0,0,0,0,0,0,0,0,0,0,0,0,,29788,27400,2408,0,5440,21940,21940,0,0,1073741824,0,0,4641
1790924485540,1000,931,OfflineIBD,31960,1171264,24112,7848,181363,1073741824,1122,0,16642,0,0,0,0,0,0,0,0,0,0,0,0,0,0,0,0,0,0,0,0,0,,31988,29600,2408,0,5440,24140,24140,0,0,1073741824,0,0,4519
1790924485545,1000,941,OfflineIBD,34056,1171792,26208,7848,188573,1073741824,1160,0,18471,0,0,0,0,0,0,0,0,0,0,0,0,0,0,0,0,0,0,0,0,0,,34076,31688,2408,0,5440,26228,26228,0,0,1073741824,0,0,3665
1790924485551,1000,951,OfflineIBD,36076,1172324,28228,7848,195813,1073741824,1201,0,20314,0,0,0,0,0,0,0,0,0,0,0,0,0,0,0,0,0,0,0,0,0,,36100,33712,2408,0,5440,28252,28252,0,0,1073741824,0,0,4641
1790924485558,1000,961,OfflineIBD,38212,1172856,30364,7848,202504,1073741824,1234,0,22187,0,0,0,0,0,0,0,0,0,0,0,0,0,0,0,0,0,0,0,0,0,,38232,35844,2408,0,5440,30384,30384,0,0,1073741824,0,0,5006
1790924485564,1000,971,OfflineIBD,40376,1173252,32528,7848,209327,1073741824,1269,0,24085,0,0,0,0,0,0,0,0,0,0,0,0,0,0,0,0,0,0,0,0,0,,40400,38012,2408,0,5440,32552,32552,0,0,1073741824,0,0,4763
1790924485570,1000,981,OfflineIBD,42728,1173916,34880,7848,216893,1073741824,1309,0,26041,0,0,0,0,0,0,0,0,0,0,0,0,0,0,0,0,0,0,0,0,0,,42752,40364,2408,0,5440,34904,34904,0,0,1073741824,0,0,4519
1790924485575,1000,991,OfflineIBD,44992,1174444,37144,7848,222832,1073741824,1343,0,27983,0,0,0,0,0,0,0,0,0,0,0,0,0,0,0,0,0,0,0,0,0,,45016,42628,2408,0,5440,37168,37168,0,0,1073741824,0,0,4397
1790924485581,1000,1000,AfterCommit,47188,1174848,39340,7848,227328,1073741824,1367,0,29713,0,0,0,0,0,0,0,0,0,0,0,0,0,0,0,0,0,0,0,0,0,,47188,44800,2408,0,5440,39340,39340,0,0,1073741824,0,0,0
1790924487110,1000,1000,Retained,49240,1176988,41264,7976,227328,1073741824,1367,0,29713,0,0,0,0,0,0,0,0,0,0,0,0,0,0,0,0,0,0,0,0,0,,49240,46725,2536,0,5440,41264,41264,0,0,1073741824,0,0,0
1790924488111,1000,1000,Retained,49240,1176988,41264,7976,227328,1073741824,1367,0,29713,0,0,0,0,0,0,0,0,0,0,0,0,0,0,0,0,0,0,0,0,0,,49240,46726,2536,0,5440,41264,41264,0,0,1073741824,0,0,0
1790924489112,1000,1000,Retained,49240,1176988,41264,7976,227328,1073741824,1367,0,29713,0,0,0,0,0,0,0,0,0,0,0,0,0,0,0,0,0,0,0,0,0,,49240,46726,2536,0,5440,41264,41264,0,0,1073741824,0,0,0
