ts_ms,best_header,best_full_block,sync_phase,vm_rss_kb,vm_size_kb,rss_anon_kb,rss_file_kb,avl_cache_clean_bytes,avl_cache_capacity_bytes,avl_clean_len,avl_dirty_len,avl_read_count,batch_headers_len,batch_headers_bytes,batch_meta_len,header_index_len,header_index_est_bytes,last_headers_len,last_headers_bytes,orphan_headers_len,orphan_headers_bytes,pending_blocks_len,delivery_received_len,delivery_inflight_total,mempool_count,mempool_bytes,peer_count,known_addresses_len,redb_state_evictions,redb_indexer_evictions,redb_addrbook_evictions,indexer_indexed_height,indexer_lag,indexer_status,smaps_rss_kb,smaps_pss_kb,smaps_shared_clean_kb,smaps_shared_dirty_kb,smaps_private_clean_kb,smaps_private_dirty_kb,smaps_anonymous_kb,smaps_anon_huge_pages_kb,smaps_file_pmd_mapped_kb
1790770614259,1000,850,BeforeApply,15424,87824,9448,5976,114552,134217728,744,0,1494,0,0,0,0,0,0,0,0,0,0,0,0,0,0,0,0,0,0,0,0,0,,15424,13205,2240,0,3736,9448,9448,0,0
1790770614260,1000,851,OfflineIBD,17268,1169424,9880,7388,114908,134217728,746,0,1627,0,0,0,0,0,0,0,0,0,0,0,0,0,0,0,0,0,0,0,0,0,,17348,14934,2440,0,4948,9960,9960,0,0
1790770614264,1000,861,OfflineIBD,17780,1169424,10392,7388,118468,134217728,766,0,2941,0,0,0,0,0,0,0,0,0,0,0,0,0,0,0,0,0,0,0,0,0,,17796,15382,2440,0,4948,10408,10408,0,0
1790770614267,1000,871,OfflineIBD,18812,1169424,11424,7388,122028,134217728,786,0,4308,0,0,0,0,0,0,0,0,0,0,0,0,0,0,0,0,0,0,0,0,0,,18812,16398,2440,0,4948,11424,11424,0,0
1790770614272,1000,881,OfflineIBD,19768,1169424,12380,7388,125588,134217728,806,0,5629,0,0,0,0,0,0,0,0,0,0,0,0,0,0,0,0,0,0,0,0,0,,19780,17366,2440,0,4948,12392,12392,0,0
1790770614275,1000,891,OfflineIBD,20620,1169424,13232,7388,129148,134217728,826,0,6973,0,0,0,0,0,0,0,0,0,0,0,0,0,0,0,0,0,0,0,0,0,,20632,18218,2440,0,4948,13244,13244,0,0
1790770614280,1000,901,OfflineIBD,22224,1169424,14836,7388,132708,134217728,846,0,8311,0,0,0,0,0,0,0,0,0,0,0,0,0,0,0,0,0,0,0,0,0,,22232,19818,2440,0,4948,14844,14844,0,0
1790770614285,1000,911,OfflineIBD,23776,1169424,16388,7388,136268,134217728,866,0,9686,0,0,0,0,0,0,0,0,0,0,0,0,0,0,0,0,0,0,0,0,0,,23792,21378,2440,0,4948,16404,16404,0,0
1790770614289,1000,921,OfflineIBD,25408,1169424,18020,7388,139828,134217728,886,0,11046,0,0,0,0,0,0,0,0,0,0,0,0,0,0,0,0,0,0,0,0,0,,25428,23014,2440,0,4948,18040,18040,0,0
1790770614294,1000,931,OfflineIBD,26992,1169424,19604,7388,143388,134217728,906,0,12431,0,0,0,0,0,0,0,0,0,0,0,0,0,0,0,0,0,0,0,0,0,,27012,24598,2440,0,4948,19624,19624,0,0
1790770614299,1000,941,OfflineIBD,28548,1169424,21160,7388,146948,134217728,926,0,13750,0,0,0,0,0,0,0,0,0,0,0,0,0,0,0,0,0,0,0,0,0,,28572,26158,2440,0,4948,21184,21184,0,0
1790770614303,1000,951,OfflineIBD,29804,1169424,22416,7388,150508,134217728,946,0,15099,0,0,0,0,0,0,0,0,0,0,0,0,0,0,0,0,0,0,0,0,0,,29808,27394,2440,0,4948,22420,22420,0,0
1790770614307,1000,961,OfflineIBD,31432,1169424,24044,7388,154068,134217728,966,0,16448,0,0,0,0,0,0,0,0,0,0,0,0,0,0,0,0,0,0,0,0,0,,31456,29042,2440,0,4948,24068,24068,0,0
1790770614314,1000,971,OfflineIBD,33040,1169424,25652,7388,157628,134217728,986,0,17820,0,0,0,0,0,0,0,0,0,0,0,0,0,0,0,0,0,0,0,0,0,,33064,30650,2440,0,4948,25676,25676,0,0
1790770614318,1000,981,OfflineIBD,34568,1169424,27180,7388,161188,134217728,1006,0,19220,0,0,0,0,0,0,0,0,0,0,0,0,0,0,0,0,0,0,0,0,0,,34584,32170,2440,0,4948,27196,27196,0,0
1790770614322,1000,991,OfflineIBD,36060,1169424,28672,7388,164748,134217728,1026,0,20612,0,0,0,0,0,0,0,0,0,0,0,0,0,0,0,0,0,0,0,0,0,,36080,33666,2440,0,4948,28692,28692,0,0
1790770614327,1000,1000,AfterCommit,37652,1169424,30264,7388,167952,134217728,1044,0,21859,0,0,0,0,0,0,0,0,0,0,0,0,0,0,0,0,0,0,0,0,0,,37652,35238,2440,0,4948,30264,30264,0,0
1790770615331,1000,1000,Plateau,38804,1170436,31288,7516,167952,134217728,1044,0,21859,0,0,0,0,0,0,0,0,0,0,0,0,0,0,0,0,0,0,0,0,0,,38804,36263,2568,0,4948,31288,31288,0,0
1790770615832,1000,1000,Plateau,38804,1170436,31288,7516,167952,134217728,1044,0,21859,0,0,0,0,0,0,0,0,0,0,0,0,0,0,0,0,0,0,0,0,0,,38804,36263,2568,0,4948,31288,31288,0,0
1790770616333,1000,1000,Plateau,38804,1170436,31288,7516,167952,134217728,1044,0,21859,0,0,0,0,0,0,0,0,0,0,0,0,0,0,0,0,0,0,0,0,0,,38804,36263,2568,0,4948,31288,31288,0,0
