benchmark,pool_size,tx_bytes,subscribers,operations,sample,elapsed_ns,ns_per_operation
admission,0,256,0,256,1,1103640,4311.094
admission,0,256,0,256,2,651761,2545.941
admission,0,256,0,256,3,720992,2816.375
admission,0,256,0,256,4,702807,2745.340
admission,0,256,0,256,5,670586,2619.477
admission,0,256,1,256,1,816113,3187.941
admission,0,256,1,256,2,673622,2631.336
admission,0,256,1,256,3,688661,2690.082
admission,0,256,1,256,4,686396,2681.234
admission,0,256,1,256,5,694752,2713.875
admission,0,256,32,256,1,1008048,3937.688
admission,0,256,32,256,2,1021474,3990.133
admission,0,256,32,256,3,1006185,3930.410
admission,0,256,32,256,4,1010182,3946.023
admission,0,256,32,256,5,1027545,4013.848
snapshot_publish,0,256,0,128,1,217754,1701.203
api_mempool_json,0,256,0,32,1,3627,113.344
snapshot_publish,0,256,0,128,2,229096,1789.812
api_mempool_json,0,256,0,32,2,3677,114.906
snapshot_publish,0,256,0,128,3,220489,1722.570
api_mempool_json,0,256,0,32,3,3627,113.344
snapshot_publish,0,256,0,128,4,221752,1732.438
api_mempool_json,0,256,0,32,4,3627,113.344
snapshot_publish,0,256,0,128,5,219407,1714.117
api_mempool_json,0,256,0,32,5,3596,112.375
admission,0,4096,0,256,1,1362823,5323.527
admission,0,4096,0,256,2,1357293,5301.926
admission,0,4096,0,256,3,1367041,5340.004
admission,0,4096,0,256,4,1347404,5263.297
admission,0,4096,0,256,5,1362022,5320.398
admission,0,4096,1,256,1,1780577,6955.379
admission,0,4096,1,256,2,1413821,5522.738
admission,0,4096,1,256,3,1380046,5390.805
admission,0,4096,1,256,4,1367301,5341.020
admission,0,4096,1,256,5,1372872,5362.781
admission,0,4096,32,256,1,1692230,6610.273
admission,0,4096,32,256,2,1833288,7161.281
admission,0,4096,32,256,3,1843377,7200.691
admission,0,4096,32,256,4,1755309,6856.676
admission,0,4096,32,256,5,1681749,6569.332
snapshot_publish,0,4096,0,128,1,323275,2525.586
api_mempool_json,0,4096,0,32,1,5501,171.906
snapshot_publish,0,4096,0,128,2,226060,1766.094
api_mempool_json,0,4096,0,32,2,3566,111.438
snapshot_publish,0,4096,0,128,3,226792,1771.812
api_mempool_json,0,4096,0,32,3,3597,112.406
snapshot_publish,0,4096,0,128,4,217013,1695.414
api_mempool_json,0,4096,0,32,4,3556,111.125
snapshot_publish,0,4096,0,128,5,216642,1692.516
api_mempool_json,0,4096,0,32,5,3577,111.781
admission,1000,256,0,256,1,1880799,7346.871
admission,1000,256,0,256,2,1752855,6847.090
admission,1000,256,0,256,3,1731264,6762.750
admission,1000,256,0,256,4,1777682,6944.070
admission,1000,256,0,256,5,1761542,6881.023
admission,1000,256,1,256,1,1789676,6990.922
admission,1000,256,1,256,2,1782011,6960.980
admission,1000,256,1,256,3,1756643,6861.887
admission,1000,256,1,256,4,1802309,7040.270
admission,1000,256,1,256,5,1804453,7048.645
admission,1000,256,32,256,1,2142015,8367.246
admission,1000,256,32,256,2,2082332,8134.109
admission,1000,256,32,256,3,2152797,8409.363
admission,1000,256,32,256,4,2145843,8382.199
admission,1000,256,32,256,5,2138750,8354.492
snapshot_publish,1000,256,0,128,1,4520962,35320.016
api_mempool_json,1000,256,0,32,1,18726741,585210.656
snapshot_publish,1000,256,0,128,2,4486356,35049.656
api_mempool_json,1000,256,0,32,2,18827803,588368.844
snapshot_publish,1000,256,0,128,3,4488490,35066.328
api_mempool_json,1000,256,0,32,3,18665555,583298.594
snapshot_publish,1000,256,0,128,4,4460076,34844.344
api_mempool_json,1000,256,0,32,4,18741048,585657.750
snapshot_publish,1000,256,0,128,5,4440108,34688.344
api_mempool_json,1000,256,0,32,5,18630628,582207.125
admission,1000,4096,0,256,1,2497342,9755.242
admission,1000,4096,0,256,2,2464830,9628.242
admission,1000,4096,0,256,3,2442076,9539.359
admission,1000,4096,0,256,4,2450632,9572.781
admission,1000,4096,0,256,5,2464570,9627.227
admission,1000,4096,1,256,1,2502492,9775.359
admission,1000,4096,1,256,2,2531256,9887.719
admission,1000,4096,1,256,3,2498775,9760.840
admission,1000,4096,1,256,4,2534292,9899.578
admission,1000,4096,1,256,5,2657376,10380.375
admission,1000,4096,32,256,1,2811410,10982.070
admission,1000,4096,32,256,2,2856194,11157.008
admission,1000,4096,32,256,3,2812451,10986.137
admission,1000,4096,32,256,4,3174560,12400.625
admission,1000,4096,32,256,5,2852047,11140.809
snapshot_publish,1000,4096,0,128,1,4499141,35149.539
api_mempool_json,1000,4096,0,32,1,18907846,590870.188
snapshot_publish,1000,4096,0,128,2,4566950,35679.297
api_mempool_json,1000,4096,0,32,2,18570584,580330.750
snapshot_publish,1000,4096,0,128,3,4493270,35103.672
api_mempool_json,1000,4096,0,32,3,21692003,677875.094
snapshot_publish,1000,4096,0,128,4,4550197,35548.414
api_mempool_json,1000,4096,0,32,4,18570884,580340.125
snapshot_publish,1000,4096,0,128,5,4497398,35135.922
api_mempool_json,1000,4096,0,32,5,18507744,578367.000
admission,5000,256,0,256,1,8376148,32719.328
admission,5000,256,0,256,2,8000713,31252.785
admission,5000,256,0,256,3,9541906,37273.070
admission,5000,256,0,256,4,8761811,34225.824
admission,5000,256,0,256,5,8598541,33588.051
admission,5000,256,1,256,1,8024198,31344.523
admission,5000,256,1,256,2,8050868,31448.703
admission,5000,256,1,256,3,8303138,32434.133
admission,5000,256,1,256,4,8451801,33014.848
admission,5000,256,1,256,5,8181667,31959.637
admission,5000,256,32,256,1,8612477,33642.488
admission,5000,256,32,256,2,8995005,35136.738
admission,5000,256,32,256,3,8896027,34750.105
admission,5000,256,32,256,4,8827175,34481.152
admission,5000,256,32,256,5,8355699,32639.449
snapshot_publish,5000,256,0,128,1,21910328,171174.438
api_mempool_json,5000,256,0,32,1,92651969,2895374.031
snapshot_publish,5000,256,0,128,2,22394810,174959.453
api_mempool_json,5000,256,0,32,2,92955907,2904872.094
snapshot_publish,5000,256,0,128,3,22271296,173994.500
api_mempool_json,5000,256,0,32,3,92684441,2896388.781
snapshot_publish,5000,256,0,128,4,22344264,174564.562
api_mempool_json,5000,256,0,32,4,94878995,2964968.594
snapshot_publish,5000,256,0,128,5,22611282,176650.641
api_mempool_json,5000,256,0,32,5,93511775,2922242.969
admission,5000,4096,0,256,1,9759679,38123.746
admission,5000,4096,0,256,2,10117730,39522.383
admission,5000,4096,0,256,3,10123873,39546.379
admission,5000,4096,0,256,4,9618521,37572.348
admission,5000,4096,0,256,5,9598984,37496.031
admission,5000,4096,1,256,1,9018089,35226.910
admission,5000,4096,1,256,2,8948977,34956.941
admission,5000,4096,1,256,3,9341985,36492.129
admission,5000,4096,1,256,4,9207318,35966.086
admission,5000,4096,1,256,5,9017618,35225.070
admission,5000,4096,32,256,1,9738409,38040.660
admission,5000,4096,32,256,2,10338401,40384.379
admission,5000,4096,32,256,3,9807751,38311.527
admission,5000,4096,32,256,4,10043149,39231.051
admission,5000,4096,32,256,5,9637567,37646.746
snapshot_publish,5000,4096,0,128,1,21553460,168386.406
api_mempool_json,5000,4096,0,32,1,91125955,2847686.094
snapshot_publish,5000,4096,0,128,2,22078268,172486.469
api_mempool_json,5000,4096,0,32,2,91973868,2874183.375
snapshot_publish,5000,4096,0,128,3,22249354,173823.078
api_mempool_json,5000,4096,0,32,3,91571052,2861595.375
snapshot_publish,5000,4096,0,128,4,22328695,174442.930
api_mempool_json,5000,4096,0,32,4,91604585,2862643.281
snapshot_publish,5000,4096,0,128,5,22391825,174936.133
api_mempool_json,5000,4096,0,32,5,91355281,2854852.531
realtime_drained,0,256,0,16384,1,7507146,458.200
realtime_drained,0,256,0,16384,2,7513053,458.560
realtime_drained,0,256,0,16384,3,7544865,460.502
realtime_drained,0,256,0,16384,4,7509328,458.333
realtime_drained,0,256,0,16384,5,7554087,461.065
realtime_stalled,0,256,0,16384,1,7606784,464.281
realtime_stalled,0,256,0,16384,2,7765434,473.964
realtime_stalled,0,256,0,16384,3,7754144,473.275
realtime_stalled,0,256,0,16384,4,7770847,474.295
realtime_stalled,0,256,0,16384,5,7742300,472.552
realtime_drained,0,256,1,16384,1,10073440,614.834
realtime_drained,0,256,1,16384,2,10053461,613.615
realtime_drained,0,256,1,16384,3,10033243,612.381
realtime_drained,0,256,1,16384,4,10080553,615.268
realtime_drained,0,256,1,16384,5,10051085,613.470
realtime_stalled,0,256,1,16384,1,10096419,616.237
realtime_stalled,0,256,1,16384,2,10112383,617.211
realtime_stalled,0,256,1,16384,3,9940294,606.707
realtime_stalled,0,256,1,16384,4,10024977,611.876
realtime_stalled,0,256,1,16384,5,10101356,616.538
realtime_drained,0,256,32,16384,1,29461855,1798.209
realtime_drained,0,256,32,16384,2,28674149,1750.131
realtime_drained,0,256,32,16384,3,28499764,1739.488
realtime_drained,0,256,32,16384,4,29356506,1791.779
realtime_drained,0,256,32,16384,5,28858370,1761.375
realtime_stalled,0,256,32,16384,1,23577541,1439.059
realtime_stalled,0,256,32,16384,2,22722638,1386.880
realtime_stalled,0,256,32,16384,3,22646288,1382.220
realtime_stalled,0,256,32,16384,4,23960189,1462.414
realtime_stalled,0,256,32,16384,5,22704521,1385.774
